id;nom;date_evenement;prix;type_evenement_id;salle_id
1;Tuna integrated deposit;2021-08-23T22:26:38;36811;1;1
2;BEAC payment THX;2021-08-23T12:14:44;8067;2;2
3;back-end Account;2021-08-24T00:19:37;74409;3;3
4;Shoes;2021-08-23T21:59:09;55507;4;4
5;Ã‰gypte monetize;2021-08-23T18:12:49;50332;5;5
6;copying;2021-08-23T16:16:57;60827;6;6
7;contingency a connecting;2021-08-23T14:45:27;1669;7;7
8;indexing c Administrateur;2021-08-23T18:14:19;8584;8;8
9;calculate;2021-08-24T00:35:02;89056;9;9
10;Auto empowering discrete;2021-08-23T10:42:47;94531;10;10
